neutron_id,step_id,event_type,position_x_m,position_y_m,position_z_m,energy_MeV
1,0,source,0.0,0.0,0.0,2.541509357602649
1,1,shell_exit,-0.016078523621595637,-0.04666622131089445,1.198984463980544,2.541509357602649
1,2,scatter,-0.016265374300567383,-0.04720853572621021,1.2129180232079866,2.541509357602649
1,3,scatter,-0.016728594731535144,-0.048552984237529705,1.2474606288103287,0.8404674565136098
1,4,scatter,-0.027343691141437303,0.04166020690072723,1.3164945221734978,0.8404674565136098
1,5,scatter,-0.02740543906485837,0.042184976248349805,1.3168960917303103,0.7827034694467465
1,6,scatter,-0.011438132940978063,0.05472333730946427,1.3230542546731123,0.5912423055449672
1,7,scatter,-0.011789010643905692,0.054522646187062235,1.3232834566828444,0.40687106920390537
1,8,scatter,-0.04483309193972995,-0.021715020186385936,1.3563393036159326,0.40687106920390537
1,9,scatter,-0.04556467218664468,-0.023402885867697457,1.3570711443484615,0.40422132951567435
1,10,scatter,-0.051422903257815795,-0.0346350841868172,1.362807449055765,0.012605383129529696
1,11,channel_exit,-0.051422903257815795,-0.0346350841868172,1.362807449055765,0.012605383129529696
2,0,source,0.0,0.0,0.0,2.512700611539652
2,1,scatter,-0.1286673249432248,-0.07864484940465709,1.1897261709376568,2.512700611539652
2,2,shell_exit,-0.135148422569778,-0.08260626654799216,1.2496538290755301,2.512700611539652
2,3,scatter,-0.14600072934131972,-0.08923948156289702,1.35,2.512700611539652
2,4,scatter,-0.14911535292218317,-0.09114322132415563,1.3787994577365148,1.8026793740752456
2,5,channel_exit,-0.14693979782844646,-0.0932963734120341,1.35,1.8026793740752456
2,6,miss_extended,-0.034262126469853105,-0.20481373467836358,-0.14159901465286562,1.8026793740752456
3,0,source,0.0,0.0,0.0,2.400057085043947
3,1,shell_exit,0.047307008746593104,-0.023552189446751335,1.1988358274992093,2.400057085043947
3,2,scatter,0.0542780902021228,-0.027022800576887405,1.3754942640972787,2.400057085043947
3,3,scatter,0.054349820468728376,-0.02705851208925992,1.37731202463216,1.182498269006001
3,4,scatter,0.047651565542106956,-0.014611984973641166,1.392290958914025,1.182498269006001
3,5,channel_exit,0.047651565542106956,-0.014611984973641166,1.392290958914025,0.1
4,0,source,0.0,0.0,0.0,2.554540594338287
4,1,scatter,-0.06619059344920684,0.11202857903584713,1.1928077079117785,2.554540594338287
4,2,shell_exit,-0.06893606538993087,0.1166753317581675,1.2422833195070144,2.554540594338287
4,3,scatter,-0.08028717805248924,0.13588726136623272,1.4468394954183947,2.554540594338287
4,4,scatter,-0.08129493023888139,0.13759289716096865,1.465,2.554540594338287
4,5,scatter,-0.08136346889090143,0.13770889986459647,1.4662351216110812,2.1832570030939973
4,6,channel_exit,-0.08136346889090143,0.13770889986459647,1.4662351216110812,0.1
5,0,source,0.0,0.0,0.0,2.5027368372301146
5,1,scatter,-0.1518596149320356,0.014601400545951042,1.1896254803282975,2.5027368372301146
5,2,shell_exit,-0.1594568373192129,0.015331878409743128,1.249139982163111,2.5027368372301146
5,3,scatter,-0.17233195114623123,0.01656982896129131,1.35,2.5027368372301146
5,4,scatter,-0.1745334367581258,0.016781503231832605,1.367245818644134,1.8487809147290883
5,5,scatter,-0.1092531863961797,-0.010441683982134528,1.2898221170767965,1.8487809147290883
5,6,scatter,-0.09723106137289493,-0.015455153728405332,1.2755636328515183,1.486450193919736
5,7,scatter,-0.09476038347111962,-0.01891642801416921,1.282104236854203,0.6533736565475297
5,8,scatter,-0.08836659878071697,-0.019525943051552485,1.28490869306259,0.5369675630161321
5,9,scatter,-0.10323597973097709,-0.018050131545951295,1.3073210239099102,0.442290706416762
5,10,scatter,-0.10740371840840583,-0.012309916914773312,1.3271699608348373,0.42512654537207484
5,11,scatter,-0.10746058641754315,-0.01206483171389109,1.3286436804722286,0.15837861074879958
5,12,scatter,-0.10330294552201248,-0.014614675148368752,1.3334820734353339,0.012578800966903133
5,13,channel_exit,-0.10330294552201248,-0.014614675148368752,1.3334820734353339,0.012578800966903133
6,0,source,0.0,0.0,0.0,2.3116302769037036
6,1,scatter,0.1963071115912266,-0.04401052863354982,1.1815223198779448,2.3116302769037036
6,2,shell_exit,0.20606241687301424,-0.04619759225520377,1.240237008481057,2.3116302769037036
6,3,channel_exit,0.20606241687301424,-0.04619759225520377,1.240237008481057,2.3116302769037036
6,4,miss_extended,0.4517477628709402,-0.10127833725338223,2.7189542979898818,2.3116302769037036
7,0,source,0.0,0.0,0.0,2.515038447723454
7,1,scatter,0.022826762485552432,-0.16334772561975233,1.1875092144837984,2.515038447723454
7,2,scatter,0.02301138891455821,-0.16466890760017897,1.1971139749407562,2.1832382543047624
7,3,shell_exit,0.020705683981948643,-0.1594600500476467,1.1881164563966897,2.1832382543047624
7,4,scatter,-0.0012266817157493698,-0.10991226659382229,1.1025301073850038,2.1832382543047624
7,5,scatter,-0.014337387534457373,-0.08029364625044905,1.0513683923445118,1.3472669784956979
7,6,scatter,-0.01678935015545715,-0.08326827169386067,1.0310105323711845,1.0980435631880658
7,7,channel_exit,-0.02491425484868217,-0.10686605172586633,1.0416597630032332,1.0980435631880658
7,8,miss_extended,-0.47406216753910513,-1.4113605714389421,1.6303534019737835,1.0980435631880658
8,0,source,0.0,0.0,0.0,2.5825939440964674
8,1,scatter,-0.09028147607530564,-0.15203970503047462,1.1860187540601848,2.5825939440964674
8,2,shell_exit,-0.09474411309107741,-0.15955506748389828,1.2446439718053366,2.5825939440964674
8,3,scatter,-0.10276396750424217,-0.17306100859575876,1.35,2.5825939440964674
8,4,scatter,-0.10629205080963929,-0.17900252360408772,1.3963480787863654,0.023886497768170232
8,5,channel_exit,-0.10629205080963929,-0.17900252360408772,1.3963480787863654,0.023886497768170232
9,0,source,0.0,0.0,0.0,2.436689435772325
9,1,scatter,-0.12410508069377744,-0.02046296048131138,1.2433144650734511,2.436689435772325
9,2,shell_exit,-0.1347542103330244,-0.022218833147845958,1.35,2.436689435772325
9,3,scatter,-0.14473600369102618,-0.02386467264027899,1.45,2.436689435772325
9,4,scatter,-0.1958427856839954,-0.03229137084153612,1.9619999999999997,2.436689435772325
9,5,scatter,-0.20147441984222778,-0.033219938041048766,2.0184190617482356,2.162613411957345
9,6,scatter,-0.20317981353064177,-0.03487463120326938,2.018916445144434,0.1569850466396055
9,7,channel_exit,-0.2049999913141717,-0.033733712968584025,2.01935420991727,0.1569850466396055
9,8,miss_extended,-1.4503632115761658,0.7468810267893414,2.3188722856511776,0.1569850466396055
10,0,source,0.0,0.0,0.0,2.4210645109173954
10,1,scatter,-0.09223160412938662,0.14837869422689867,1.1861856946846934,2.4210645109173954
10,2,shell_exit,-0.0968063677212504,0.15573839976997103,1.2450214829208017,2.4210645109173954
10,3,scatter,-0.10496894890286917,0.16887004969281733,1.35,2.4210645109173954
10,4,scatter,-0.10532580491824385,0.16944414606778688,1.3545895059995465,0.2275095413585842
10,5,scatter,-0.10870092169441688,0.1691805817518199,1.3554417483052812,0.07511814736937042
10,6,channel_exit,-0.10870092169441688,0.1691805817518199,1.3554417483052812,0.07511814736937042
11,0,source,0.0,0.0,0.0,2.4384334045903557
11,1,scatter,-0.1845340707336587,0.007015615631341953,1.1851141010547392,2.4384334045903557
11,2,shell_exit,-0.19367033545941317,0.007362958110523441,1.2437889902739132,2.4384334045903557
11,3,channel_exit,-0.19367033545941317,0.007362958110523441,1.2437889902739132,2.4384334045903557
11,4,miss_extended,-0.42445033834079265,0.016136751422396838,2.7259035643946157,2.4384334045903557
12,0,source,0.0,0.0,0.0,2.4819279744777054
12,1,scatter,0.07572337383186223,-0.12996860214554065,1.1898506582581154,2.4819279744777054
12,2,shell_exit,0.0794838879650342,-0.13642299978400482,1.248940077948775,2.4819279744777054
12,3,scatter,0.08591544994618805,-0.14746187824389784,1.35,2.4819279744777054
12,4,scatter,0.08809118045561436,-0.15119621598726657,1.3841875202837817,0.1600998891792778
12,5,scatter,0.09371860482140826,-0.17001755286043474,1.3868485036299194,0.07944138250817229
12,6,channel_exit,0.09371860482140826,-0.17001755286043474,1.3868485036299194,0.07944138250817229
13,0,source,0.0,0.0,0.0,2.39995212353321
13,1,scatter,-0.1324654298605131,-0.13407324089259104,1.1834402431502793,2.39995212353321
13,2,shell_exit,-0.13913066239108626,-0.14081937328062366,1.2429871333460132,2.39995212353321
13,3,scatter,-0.15110888052586205,-0.15294297811200405,1.35,2.39995212353321
13,4,scatter,-0.15406532855995744,-0.155935310299195,1.3764127748954218,2.163714968575902
13,5,scatter,-0.16668350664758258,-0.15975767489598602,1.3797870052502585,1.8145915489325881
13,6,scatter,-0.17194392530460503,-0.16292680923833977,1.3792846074822973,1.8145915489325881
13,7,scatter,-0.17604157196629094,-0.16539543267024936,1.3788932605818036,1.7224916046090903
13,8,scatter,-0.18342944189650406,-0.1891637646633066,1.3647358781033132,1.7224916046090903
13,9,scatter,-0.18474055869973124,-0.19338190328176497,1.3622233836722253,1.1035655618647529
13,10,scatter,-0.1891396788123819,-0.20069135163123442,1.362931691676201,0.17496934972908468
13,11,channel_exit,-0.18608173935878178,-0.20490877411939634,1.3641728703216653,0.17496934972908468
13,12,miss_extended,0.6704518910675551,-1.3862154185574287,1.7118289529021884,0.17496934972908468
14,0,source,0.0,0.0,0.0,2.3953337318890537
14,1,shell_exit,-0.012211036373420584,-0.08788125369552739,1.196715411382167,2.3953337318890537
14,2,scatter,-0.014285310241842824,-0.10280953516896588,1.4000000000000001,2.3953337318890537
14,3,scatter,-0.014352577362867807,-0.1032936479622937,1.4065923643127565,2.1811822538350043
14,4,scatter,-0.01410967969224722,-0.09724879466803485,1.4101169650286682,0.3756472393806015
14,5,scatter,-0.020604313326623193,-0.0816053311928401,1.399999956144091,0.3756472393806015
14,6,scatter,-0.035657128254001746,-0.04534798801201289,1.3765514491256006,0.32316767566817417
14,7,scatter,-0.040337979338977904,-0.04114591025606809,1.3728773363113507,0.019007815636275332
14,8,channel_exit,-0.040337979338977904,-0.04114591025606809,1.3728773363113507,0.019007815636275332
15,0,source,0.0,0.0,0.0,2.622418630681187
15,1,scatter,-0.1662834457471779,0.12504401446371832,1.1800793889669394,2.622418630681187
15,2,shell_exit,-0.1746425106070555,0.13132997409454605,1.2394019517623809,2.622418630681187
15,3,scatter,-0.19022673716486646,0.14304920592994871,1.35,2.622418630681187
15,4,scatter,-0.19033329411614858,0.14312933602887384,1.35075621275103,2.0827869752086223
15,5,channel_exit,-0.1884053627438684,0.1442516222095896,1.35,2.0827869752086223
15,6,miss_extended,1.0393242460340322,0.858936798973635,0.8684347335575289,2.0827869752086223
16,0,source,0.0,0.0,0.0,2.38646366730031
16,1,scatter,-0.02233399167555919,0.1330383600725993,1.192151422970772,2.38646366730031
16,2,shell_exit,-0.023446587485044152,0.1396658328534505,1.2515399414558182,2.38646366730031
16,3,scatter,-0.026140526836104724,0.15571299892239585,1.3953379547002827,2.38646366730031
16,4,scatter,-0.026690287238801506,0.15898779294355017,1.4246832529294915,1.317619205787381
16,5,scatter,-0.019711203616573657,0.14287547679568324,1.4491043438159297,1.317619205787381
16,6,scatter,-0.015168527195823818,0.13238799124450462,1.465,1.317619205787381
16,7,scatter,-0.01105467406073971,0.122890511935436,1.4793951250254942,1.1365527551844483
16,8,scatter,-0.09190857146183942,0.04434553965671362,1.4666296206950233,0.02257930260722642
16,9,channel_exit,-0.09190857146183942,0.04434553965671362,1.4666296206950233,0.02257930260722642
17,0,source,0.0,0.0,0.0,2.4661454204561872
17,1,scatter,0.011846874042805459,-0.15508073220119065,1.188995976814831,2.4661454204561872
17,2,shell_exit,0.012439687859236038,-0.1628409228117144,1.2484929580597914,2.4661454204561872
17,3,scatter,0.013451079961289131,-0.17608048517746333,1.35,2.4661454204561872
17,4,scatter,0.01366989106500234,-0.17894481766339895,1.3719606894660468,1.8914939838230522
17,5,scatter,0.013466827906647627,-0.18988738659915905,1.3615700611859085,0.6884560968664005
17,6,scatter,0.013138252240229423,-0.1903962993229572,1.361581539791717,0.49319859130998195
17,7,scatter,0.01138929270948775,-0.19133244618454243,1.3611096726674723,0.2488868096459576
17,8,channel_exit,0.005803382435587482,-0.20500000000000002,1.3631662635336401,0.2488868096459576
17,9,miss_extended,-0.5562531188488565,-1.5802346711557829,1.5701012499785052,0.2488868096459576
18,0,source,0.0,0.0,0.0,2.195723806987983
18,1,shell_exit,0.06883935987524988,-0.020510598957813996,1.1978482616184563,2.195723806987983
18,2,scatter,0.08045685494015237,-0.023972016707810663,1.3999999999999997,2.195723806987983
18,3,scatter,0.08046328777337221,-0.023973933362215556,1.400111935353606,1.5922001765096996
18,4,scatter,0.10715638381486478,0.023579597145638617,1.2599312480933433,1.5922001765096996
18,5,channel_exit,0.10715638381486478,0.023579597145638617,1.2599312480933433,0.1
19,0,source,0.0,0.0,0.0,2.30162378286656
19,1,scatter,-0.18421629052732874,-0.021801772631675955,1.1845714658558213,2.30162378286656
19,2,shell_exit,-0.19333561452182502,-0.022881033470733506,1.2432117248733703,2.30162378286656
19,3,channel_exit,-0.19333561452182502,-0.022881033470733506,1.2432117248733703,2.30162378286656
19,4,miss_extended,-0.42379646534397547,-0.05015579324221924,2.7251509556509816,2.30162378286656
20,0,source,0.0,0.0,0.0,2.48347078040953
20,1,shell_exit,0.05818844559019033,-0.02266562262933466,1.1983740544381882,2.48347078040953
20,2,scatter,0.06797862781204626,-0.026479104386104887,1.4000000000000001,2.48347078040953
20,3,scatter,0.0687288543156106,-0.026771333378370343,1.4154506958848023,0.3807216131454176
20,4,scatter,0.06131204758522581,-0.021588082098067417,1.4198543161774697,0.01310564587724512
20,5,channel_exit,0.06131204758522581,-0.021588082098067417,1.4198543161774697,0.01310564587724512
21,0,source,0.0,0.0,0.0,2.6072771723625094
21,1,shell_exit,-0.03854515638819825,0.05848137081494978,1.197954172824075,2.6072771723625094
21,2,scatter,-0.04504614631147689,0.06834478396441401,1.4000000000000001,2.6072771723625094
21,3,scatter,-0.046237854942687576,0.07015286469090828,1.437037398763452,0.6025724196676753
21,4,scatter,-0.044583106214745295,0.08253231416167107,1.4431912437813668,0.09724291320134686
21,5,channel_exit,-0.044583106214745295,0.08253231416167107,1.4431912437813668,0.09724291320134686
22,0,source,0.0,0.0,0.0,2.5488973226360834
22,1,scatter,-0.15189233428664475,-0.09790034384406211,1.1852117654358065,2.5488973226360834
22,2,shell_exit,-0.15959871190472055,-0.10286739515804104,1.2453444210087856,2.5488973226360834
22,3,scatter,-0.1730109818911316,-0.11151210951815531,1.35,2.5488973226360834
22,4,scatter,-0.17362862406963012,-0.1119102032200632,1.3548194451696582,1.0113253380166198
22,5,scatter,-0.17528365826621303,-0.11517912452201866,1.3570807823339632,0.12174630314212438
22,6,scatter,-0.17436160704433487,-0.11443996610626667,1.3624671007498246,0.060079231358306145
22,7,channel_exit,-0.17436160704433487,-0.11443996610626667,1.3624671007498246,0.060079231358306145
23,0,source,0.0,0.0,0.0,2.3794539714343155
23,1,shell_exit,-0.07042524735334754,0.053565851122138276,1.1967334641133676,2.3794539714343155
23,2,scatter,-0.08238705547332012,0.06266407167493523,1.4000000000000001,2.3794539714343155
23,3,scatter,-0.08621216876315285,0.06557347500270008,1.465,2.3794539714343155
23,4,scatter,-0.08781189853267457,0.06679023873289917,1.4921841451847453,1.8795753839285885
23,5,scatter,-0.08667074379733071,0.06570897004345677,1.4916068774871527,1.499595000061835
23,6,scatter,-0.07572631277993647,0.0793587237189124,1.5544693733685921,0.4148893243854149
23,7,channel_exit,-0.07572631277993647,0.0793587237189124,1.5544693733685921,0.1
24,0,source,0.0,0.0,0.0,2.5322362195403936
24,1,scatter,-0.19713826228559975,0.0329521943331168,1.1821845061109593,2.5322362195403936
24,2,shell_exit,-0.20686911994818483,0.03457873353970098,1.2405378111797312,2.5322362195403936
24,3,channel_exit,-0.20686911994818483,0.03457873353970098,1.2405378111797312,2.5322362195403936
24,4,miss_extended,-0.45350531634737984,0.0758046415856638,2.7195479568959544,2.5322362195403936
25,0,source,0.0,0.0,0.0,2.575488145039484
25,1,scatter,0.0484586133389278,-0.1515038759729495,1.1886162737815464,2.575488145039484
25,2,shell_exit,0.050882641778865575,-0.159082501914031,1.2480740141767876,2.575488145039484
25,3,scatter,0.055038055132312434,-0.1720742320923936,1.35,2.575488145039484
25,4,scatter,0.05566628866878587,-0.1740383785925465,1.3654096156232312,0.013712020801076696
25,5,channel_exit,0.05566628866878587,-0.1740383785925465,1.3654096156232312,0.013712020801076696
26,0,source,0.0,0.0,0.0,2.564994880686968
26,1,scatter,-0.10003457224613822,-0.11547857910979209,1.189557822753407,2.564994880686968
26,2,shell_exit,-0.10499554086962506,-0.1212054552765529,1.2485510178258314,2.564994880686968
26,3,scatter,-0.11352678276681093,-0.13105380740330458,1.35,2.564994880686968
26,4,scatter,-0.11984602634065405,-0.1383486580991275,1.4251450769305358,0.4778354335648639
26,5,scatter,-0.12068288100747639,-0.1404352301682549,1.4259047921209982,0.18169559173252478
26,6,scatter,-0.12151262257084061,-0.14116244197203665,1.425361935861643,0.05009679123356588
26,7,channel_exit,-0.12151262257084061,-0.14116244197203665,1.425361935861643,0.05009679123356588
27,0,source,0.0,0.0,0.0,2.3258477698510682
27,1,scatter,0.18163735738193115,0.002545806762060615,1.1860238788859856,2.3258477698510682
27,2,shell_exit,0.19057675731812912,0.002671100287216255,1.2443948106153486,2.3258477698510682
27,3,channel_exit,0.19057675731812912,0.002671100287216255,1.2443948106153486,2.3258477698510682
27,4,miss_extended,0.4176509528174672,0.0058537441591821875,2.7271042158989034,2.3258477698510682
28,0,source,0.0,0.0,0.0,2.4382478840052606
28,1,scatter,-0.01045837347421807,0.1273125936625923,1.1931656183153778,2.4382478840052606
28,2,shell_exit,-0.010891337937889411,0.1325831865487249,1.2425612832606503,2.4382478840052606
28,3,scatter,-0.011833063217266215,0.1440470617039439,1.35,2.4382478840052606
28,4,scatter,-0.011996073742551988,0.1460314326789903,1.3685973999373797,0.48271828282441664
28,5,scatter,-0.011943581686482154,0.140619876212047,1.3720472024687789,0.1307145674718876
28,6,scatter,-0.013207729224060624,0.14041846365442576,1.3740584513214702,0.10567067185289114
28,7,scatter,-0.008972175895390592,0.150320206814572,1.3742133793706963,0.0791743177812946
28,8,channel_exit,-0.008972175895390592,0.150320206814572,1.3742133793706963,0.0791743177812946
29,0,source,0.0,0.0,0.0,2.4833802310415547
29,1,scatter,0.14868141370014007,0.10956229247237644,1.1844083372848289,2.4833802310415547
29,2,shell_exit,0.15615572710465958,0.11507006167416604,1.2439493309536584,2.4833802310415547
29,3,scatter,0.16946850353597231,0.12488015339099957,1.35,2.4833802310415547
29,4,scatter,0.1779289144619865,0.1311145709502912,1.4173963274107435,1.4538418754233757
29,5,scatter,0.18512168803978857,0.11980395956233872,1.4341616620933344,1.419044101575656
29,6,scatter,0.19318924341187502,0.09557563611441941,1.465,1.419044101575656
29,7,channel_exit,0.19318924341187502,0.09557563611441941,1.465,0.1
30,0,source,0.0,0.0,0.0,2.2938654247819277
30,1,scatter,0.009891179034953432,-0.1366586895976614,1.1916288296394273,2.2938654247819277
30,2,shell_exit,0.01038616967992783,-0.14349758844543875,1.2512622788843468,2.2938654247819277
30,3,scatter,0.011205747431629042,-0.15482105364358056,1.35,2.2938654247819277
30,4,scatter,0.011441771234666123,-0.1580820100495785,1.3784347060331466,0.35314618117625707
30,5,scatter,0.011789615556296115,-0.15723085551885613,1.3789447068674971,0.30823659404528464
30,6,scatter,0.01917057758607294,-0.13325006251312177,1.3827773309289346,0.03483836692255886
30,7,channel_exit,0.01917057758607294,-0.13325006251312177,1.3827773309289346,0.03483836692255886
31,0,source,0.0,0.0,0.0,2.37127955372028
31,1,scatter,0.1397070126827948,0.14369416315488773,1.1811981915930283,2.37127955372028
31,2,shell_exit,0.14680020308485806,0.15098978875985983,1.2411698674212523,2.37127955372028
31,3,scatter,0.1596721604080774,0.16422910366758758,1.35,2.37127955372028
31,4,scatter,0.16413998566433383,0.16882443785297815,1.387774675814063,2.37127955372028
31,5,scatter,0.16607570590558615,0.17081540233519976,1.404140849597971,2.035597765919235
31,6,scatter,0.1658446730038629,0.1706883068568955,1.4053094728201054,0.11125281298928631
31,7,scatter,0.1657624327719203,0.1711615242068515,1.4054657282983247,0.048413957625433136
31,8,channel_exit,0.1657624327719203,0.1711615242068515,1.4054657282983247,0.048413957625433136
32,0,source,0.0,0.0,0.0,2.4693908644797222
32,1,scatter,0.1313263280488226,-0.01864642281716594,1.192500727173439,2.4693908644797222
32,2,shell_exit,0.13786166895342974,-0.019574345889197018,1.251844492409706,2.4693908644797222
32,3,scatter,0.1486712241141679,-0.021109145034100156,1.35,2.4693908644797222
32,4,scatter,0.14992006932037902,-0.0212864628354442,1.3613400628698018,2.3008251016146763
32,5,scatter,0.13287640396699593,-0.014257142694177655,1.377554218552571,1.75444762800072
32,6,scatter,0.14287309979119273,-0.01509721627670069,1.3788673061837098,0.7912340307020134
32,7,scatter,0.1483029995852657,-0.022035838784370022,1.3786892490159641,0.15126177983527056
32,8,scatter,0.15235275750075813,-0.025725129183683287,1.3892130822603699,0.09271335321484439
32,9,channel_exit,0.15235275750075813,-0.025725129183683287,1.3892130822603699,0.09271335321484439
33,0,source,0.0,0.0,0.0,2.4226133871498963
33,1,scatter,-0.16780690891199054,0.08224725599751635,1.1843361800657333,2.4226133871498963
33,2,shell_exit,-0.1762017777353777,0.08636183584204954,1.243584913856889,2.4226133871498963
33,3,scatter,-0.19127957994039652,0.09375192404447567,1.35,2.4226133871498963
33,4,scatter,-0.19636289576892446,0.09624341131979662,1.3858766804624474,2.0909796253357618
33,5,scatter,-0.19994037675869789,0.10162565831586921,1.3975243198746419,1.348441256659105
33,6,scatter,-0.18519001867626006,0.11452170919310276,1.4346386969145841,0.05459122869365087
33,7,channel_exit,-0.18519001867626006,0.11452170919310276,1.4346386969145841,0.05459122869365087
34,0,source,0.0,0.0,0.0,2.3151218428005604
34,1,scatter,0.13322706344256502,-0.11804557832394527,1.1850698793413033,2.3151218428005604
34,2,shell_exit,0.13998988326347783,-0.12403776156533641,1.2452259306876663,2.3151218428005604
34,3,scatter,0.1517687174257035,-0.1344743744781565,1.35,2.3151218428005604
34,4,scatter,0.1575025430961737,-0.13955481947025927,1.401003031365302,1.7260060872318082
34,5,scatter,0.15294026772837982,-0.1355576914226361,1.4162046553969865,0.30000779228949737
34,6,scatter,0.16995189257083845,-0.13377115377888985,1.4309889811917667,0.06460403900636935
34,7,channel_exit,0.16995189257083845,-0.13377115377888985,1.4309889811917667,0.06460403900636935
35,0,source,0.0,0.0,0.0,2.5013275123229244
35,1,scatter,-0.056595696601166194,-0.10577342446138513,1.2439181607668797,2.5013275123229244
35,2,scatter,-0.0603062145302664,-0.11270812464984802,1.3254717225223815,2.334391186234123
35,3,shell_exit,-0.05405003268160093,-0.09842697306910421,1.3280607742537591,2.334391186234123
35,4,scatter,-0.05301449578649127,-0.09606312564199201,1.328489319755799,2.334391186234123
35,5,scatter,-0.051478803102252585,-0.09255755938200066,1.3291248492047776,2.1728427715303833
35,6,scatter,-0.03899831725225427,-0.08804065593930034,1.34437044870704,0.9781772805272756
35,7,scatter,-0.039502567107729605,-0.08645758444748247,1.3473458063588812,0.4258369829702125
35,8,scatter,-0.04755781374333061,-0.07818077718632707,1.3506563368297135,0.42332208003645266
35,9,scatter,-0.05256948491780514,-0.07366396546679722,1.3522747374207886,0.08544174826956376
35,10,channel_exit,-0.05256948491780514,-0.07366396546679722,1.3522747374207886,0.08544174826956376
36,0,source,0.0,0.0,0.0,2.6008882717651813
36,1,scatter,0.14804471256700674,-0.0657626189769327,1.1883259219377145,2.6008882717651813
36,2,shell_exit,0.15537844491358663,-0.06902032023234668,1.247192355604162,2.6008882717651813
36,3,scatter,0.16818648678433415,-0.07470975258546324,1.35,2.6008882717651813
36,4,scatter,0.17140215313150478,-0.07613817672219297,1.375811524169876,2.1430125904168174
36,5,scatter,0.17137223379513408,-0.07617853980878049,1.375804831231719,1.6539484045888504
36,6,scatter,0.1874515896231158,-0.07124314782101916,1.4011119124743525,0.3425492534621691
36,7,scatter,0.18775983487847375,-0.0709899344945178,1.4010851531419355,0.2329122488481943
36,8,scatter,0.18785067969328284,-0.0708221012862095,1.4009693118934774,0.18405527098907298
36,9,scatter,0.1866710829527582,-0.06938988258566967,1.4074419757860377,0.007249102123012632
36,10,channel_exit,0.1866710829527582,-0.06938988258566967,1.4074419757860377,0.007249102123012632
37,0,source,0.0,0.0,0.0,2.4644523862931487
37,1,scatter,-0.14536225208353032,-0.07864204410864128,1.1875284225100944,2.4644523862931487
37,2,shell_exit,-0.1526967936290294,-0.08261008485835634,1.247447530989208,2.4644523862931487
37,3,scatter,-0.16524997346840162,-0.08940144718579422,1.35,2.4644523862931487
37,4,scatter,-0.17038371759233456,-0.09217884039517307,1.3919398225721031,2.4517812677910724
37,5,scatter,-0.17360961687297508,-0.09628478372152306,1.421763676614928,2.085016060735277
37,6,scatter,-0.19020667010236494,-0.09111719587575938,1.4211936745341354,1.8222975030639734
37,7,scatter,-0.1896989887803915,-0.08387117678268816,1.4246837404655432,1.8222975030639734
37,8,scatter,-0.18952194257990598,-0.08134423696129238,1.4259008482964906,1.7964873650948352
37,9,scatter,-0.18981605530268003,-0.07321316982777122,1.4291379259379062,1.5424839895541032
37,10,scatter,-0.18319446911379822,-0.07331625107337521,1.4316572884210363,1.3908285595779728
37,11,scatter,-0.16865990076766818,-0.07779137531578807,1.4346827169256204,1.3769516980358196
37,12,scatter,-0.15449425797984817,-0.08267516395403382,1.4391714774077142,1.3603064679850072
37,13,scatter,-0.13464164428295688,-0.08216000283978787,1.4497229876891766,1.3540061621420272
37,14,scatter,-0.10839966042559684,-0.08316714693554936,1.465,1.3540061621420272
37,15,channel_exit,-0.10839966042559684,-0.08316714693554936,1.465,0.1
38,0,source,0.0,0.0,0.0,2.5336396623887567
38,1,shell_exit,-0.07274496199508705,0.04694956207613873,1.1968725534179452,2.5336396623887567
38,2,scatter,-0.08509088666315047,0.054917615680039465,1.4000000000000001,2.5336396623887567
38,3,scatter,-0.08734296511119928,0.056371105983658604,1.4370534372235393,0.002192796333099964
38,4,channel_exit,-0.08734296511119928,0.056371105983658604,1.4370534372235393,0.002192796333099964
39,0,source,0.0,0.0,0.0,2.3514302174875974
39,1,scatter,-0.14728474906366582,-0.10066769066719568,1.185487174185251,2.3514302174875974
39,2,shell_exit,-0.15476937758743756,-0.10578336132406885,1.2457305542696144,2.3514302174875974
39,3,scatter,-0.16772379791675235,-0.11463758137587192,1.35,2.3514302174875974
39,4,scatter,-0.17599940207916775,-0.12029387617355039,1.416609901266402,2.008616744262354
39,5,scatter,-0.16747166162017346,-0.10393246981294071,1.420118425082232,1.72148111882477
39,6,scatter,-0.16679110268981995,-0.10291309981036517,1.420891285027645,1.4146546385423278
39,7,scatter,-0.1627560452383188,-0.12275607856600365,1.4353099902618272,0.5020093360505333
39,8,scatter,-0.157415427634627,-0.12723317028906742,1.4348283012930116,0.3489032519336284
39,9,scatter,-0.15573001140130532,-0.12784593715843884,1.4356010727064203,0.33165788219912873
39,10,scatter,-0.1531423984625744,-0.12701652425715737,1.4405629927569517,0.15948123035253012
39,11,scatter,-0.151149674293841,-0.12620814717255982,1.4411513266131086,0.05657530029819743
39,12,channel_exit,-0.151149674293841,-0.12620814717255982,1.4411513266131086,0.05657530029819743
40,0,source,0.0,0.0,0.0,2.4089502366341753
40,1,shell_exit,-0.025490152465090395,-0.04191671501770296,1.198996764436598,2.4089502366341753
40,2,scatter,-0.02593429533437043,-0.042647075893505984,1.2198881994307065,2.4089502366341753
40,3,scatter,-0.026203871863039328,-0.04309037502806986,1.232568444716988,0.46540541331007224
40,4,scatter,-0.06323656890124767,-0.026250970362792385,1.2522505892004623,0.1250873636891271
40,5,scatter,-0.06517901132892595,-0.02558970720491819,1.2509328948198668,0.05694246790741899
40,6,channel_exit,-0.06517901132892595,-0.02558970720491819,1.2509328948198668,0.05694246790741899
41,0,source,0.0,0.0,0.0,2.5956372254115987
41,1,shell_exit,-0.07215386710483186,-0.06372514897502733,1.1961324863283034,2.5956372254115987
41,2,scatter,-0.08239615506284023,-0.07277097495994538,1.3659242639901077,2.5956372254115987
41,3,scatter,-0.08746782526002744,-0.07725019349439198,1.45,2.5956372254115987
41,4,scatter,-0.11835301597253368,-0.10452750319723937,1.962,2.5956372254115987
41,5,scatter,-0.12299588687958658,-0.10862801301182633,2.0389673053515747,2.321077408349156
41,6,scatter,-0.07694366307357788,-0.12253589633571367,2.058138221662613,2.1741981221984927
41,7,scatter,-0.07436184069541457,-0.12275482598199751,2.0587203650119092,1.2146877830904117
41,8,scatter,-0.060957821223514425,-0.11550271992790946,2.055276444411939,0.9143765811845047
41,9,scatter,-0.06983734975852113,-0.1329756792106947,2.077,0.9143765811845047
41,10,channel_exit,-0.06983734975852113,-0.1329756792106947,2.077,0.1
42,0,source,0.0,0.0,0.0,2.6040070589015016
42,1,shell_exit,-0.05391077363663531,0.04270684188062265,1.1980274429838753,2.6040070589015016
42,2,scatter,-0.06299946093330458,0.04990668534600208,1.4000000000000001,2.6040070589015016
42,3,scatter,-0.06400638667018374,0.05070434813823486,1.4223763189517324,2.2427242747290888
42,4,scatter,0.10445817648930344,0.16494005092708322,1.9619999999999997,2.2427242747290888
42,5,scatter,0.10807396933111646,0.1673919175314109,1.9735820645399464,1.6624263998669544
42,6,scatter,0.12263821169461049,0.16202739122145793,1.9931611231548632,0.7090817558430728
42,7,scatter,0.12754608053107808,0.16850480892777386,2.00030021004019,0.4034368819227997
42,8,scatter,0.1285022657799473,0.17376249118426093,2.0010380049459493,0.39864956407546365
42,9,scatter,0.13094376327541415,0.18507029503531633,2.00388741001332,0.014909963785517876
42,10,channel_exit,0.13094376327541415,0.18507029503531633,2.00388741001332,0.014909963785517876
43,0,source,0.0,0.0,0.0,2.3500567115770297
43,1,scatter,0.051662736204610996,-0.16064422020731242,1.1871150350608295,2.3500567115770297
43,2,shell_exit,0.054250838252866106,-0.1686918705236304,1.246584878887668,2.3500567115770297
43,3,scatter,0.05875141988463741,-0.18268633693849146,1.35,2.3500567115770297
43,4,scatter,0.05921714695771685,-0.1841345057344292,1.3607015549563195,1.722434693901358
43,5,scatter,0.054051046044034594,-0.18615113864803004,1.350716958455879,1.3239209399342728
43,6,channel_exit,0.06017107268423818,-0.20500000000000002,1.3692334715797145,1.3239209399342728
43,7,miss_extended,0.3986448456242892,-1.247453831085441,2.393306474391044,1.3239209399342728
44,0,source,0.0,0.0,0.0,2.50354251016137
44,1,scatter,-0.08418283310074696,0.13500709080354095,1.1884953282538784,2.50354251016137
44,2,shell_exit,-0.08836145738501225,0.14170850351917785,1.247489249668165,2.50354251016137
44,3,scatter,-0.09562244123666588,0.15335320909721512,1.35,2.50354251016137
44,4,scatter,-0.0988748840546469,0.1585692706941797,1.3959180684731436,0.8783345706027763
44,5,scatter,-0.1052651854567662,0.14324159018062455,1.4103573822832647,0.29957838078439386
44,6,scatter,-0.09587694576177361,0.12638779090023766,1.4141156557974441,0.009577156327459417
44,7,channel_exit,-0.09587694576177361,0.12638779090023766,1.4141156557974441,0.009577156327459417
45,0,source,0.0,0.0,0.0,2.311952991668943
45,1,scatter,-0.2057936341966822,-0.008901564095716656,1.181806452559497,2.311952991668943
45,2,shell_exit,-0.2159300952176305,-0.009340014769052205,1.2400168781999013,2.311952991668943
45,3,channel_exit,-0.2159300952176305,-0.009340014769052205,1.2400168781999013,2.311952991668943
45,4,miss_extended,-0.4732528544534481,-0.020470461264958557,2.7177384726621554,2.311952991668943
46,0,source,0.0,0.0,0.0,2.537101600162759
46,1,shell_exit,-0.001433175633252544,0.08064429554610293,1.197286283059936,2.537101600162759
46,2,scatter,-0.001675828007839224,0.0942982604594763,1.4000000000000001,2.537101600162759
46,3,scatter,-0.0017179909471025008,0.09667075442054333,1.4352232536348986,1.9790029538439806
46,4,scatter,-0.0008858433317221124,0.09696014209828653,1.4347046776111148,0.8965753843857875
46,5,scatter,0.005622822125338252,0.10857558348158777,1.4339338035616644,0.49422030363359815
46,6,scatter,0.006538881801673811,0.10956210290294281,1.432651561490865,0.3254112974862168
46,7,scatter,0.03257852056535651,0.1104514307323999,1.4147388162096806,0.2390301548906272
46,8,scatter,0.00985620655071337,0.11749472832892131,1.418004878989472,0.026568402172196377
46,9,channel_exit,0.00985620655071337,0.11749472832892131,1.418004878989472,0.026568402172196377
47,0,source,0.0,0.0,0.0,2.5134236876689795
47,1,scatter,0.12607975361473386,0.016233402596095618,1.2134358983937459,2.5134236876689795
47,2,shell_exit,0.1291354986531704,0.0166268451435132,1.2428454635274784,2.5134236876689795
47,3,scatter,0.1402691873589686,0.01806036357894028,1.35,2.5134236876689795
47,4,scatter,0.1405872419427952,0.01810131470676821,1.3530610691931015,2.0650633525536697
47,5,scatter,0.14928515311493465,0.012295009849586619,1.3503098592204292,1.788752986836168
47,6,channel_exit,0.14883001803509074,0.011511855481549075,1.35,1.788752986836168
47,7,miss_extended,-0.564297774653177,-1.2155725213243989,0.8644974938331238,1.788752986836168
48,0,source,0.0,0.0,0.0,2.447599800564636
48,1,scatter,0.1081534339355899,-0.1477186321484811,1.1843128558637555,2.447599800564636
48,2,shell_exit,0.11358577796640146,-0.15513826183929008,1.2437986681866111,2.447599800564636
48,3,scatter,0.12328426149402805,-0.1683846902556895,1.35,2.447599800564636
48,4,scatter,0.12658186344336952,-0.1728886364698891,1.3861097400240876,0.20391013101071967
48,5,scatter,0.1155802424638769,-0.17230226687552008,1.390670058974297,0.17087611602318922
48,6,scatter,0.11587353921584514,-0.19161486294776092,1.3908866010202898,0.13704399936671327
48,7,scatter,0.12669235184185743,-0.1864827035252098,1.3805749129437457,0.12634194576961097
48,8,scatter,0.13444214987101208,-0.19598679246556458,1.372405092999967,0.10538355062582308
48,9,scatter,0.1346077124224114,-0.19640230668632502,1.3717818611890282,0.03402129467864197
48,10,channel_exit,0.1346077124224114,-0.19640230668632502,1.3717818611890282,0.03402129467864197
49,0,source,0.0,0.0,0.0,2.4314493446201153
49,1,scatter,0.000794567711137075,-0.1258217533707859,1.243350440160956,2.4314493446201153
49,2,shell_exit,0.0008627225079810893,-0.13661423325556718,1.35,2.4314493446201153
49,3,scatter,0.0009266278789426514,-0.14673380608931288,1.45,2.4314493446201153
49,4,scatter,0.0012538233782658497,-0.19854601899809093,1.9619999999999997,2.4314493446201153
49,5,scatter,0.001821303072404522,-0.28840782576175295,2.85,2.4314493446201153
49,6,scatter,0.0018415130426116203,-0.2916081243031944,2.881624838261645,0.19847955264794698
49,7,scatter,-0.030459183075936556,-0.30590736498033066,2.8906697560950376,0.001387285392850939
49,8,channel_exit,-0.030459183075936556,-0.30590736498033066,2.8906697560950376,0.001387285392850939
50,0,source,0.0,0.0,0.0,2.524255924242114
50,1,scatter,0.1568392526174829,-0.1312373021089015,1.1808551125663032,2.524255924242114
50,2,shell_exit,0.16468479804812963,-0.1378021651690569,1.239924843376903,2.524255924242114
50,3,scatter,0.17930480105510274,-0.15003564447629827,1.35,2.524255924242114
50,4,scatter,0.18517418029512125,-0.1549469245522922,1.3941910195789455,1.1329135602849443
50,5,scatter,0.18881069782006604,-0.15414747602154732,1.3969460652532188,1.0852892047456741
50,6,channel_exit,0.20499997622833452,-0.1501059220419815,1.39532581288234,1.0852892047456741
50,7,miss_extended,1.6535227393796217,0.2115088942747084,1.25035502529806,1.0852892047456741
51,0,source,0.0,0.0,0.0,2.5010713931141546
51,1,scatter,-0.07109138676963608,-0.12494782552910713,1.190841331570803,2.5010713931141546
51,2,shell_exit,-0.0746212093653661,-0.13115172276449413,1.249968869112428,2.5010713931141546
51,3,scatter,-0.08059291325773278,-0.14164738827278903,1.35,2.5010713931141546
51,4,scatter,-0.08549142403502322,-0.15025684572980338,1.4320542313465456,2.1852716495899993
51,5,scatter,-0.07041323646776429,-0.16249773294308043,1.4354645140584423,1.834755819425779
51,6,scatter,-0.0528401871182117,-0.17398696268141692,1.4306508040091808,1.214505061891282
51,7,scatter,-0.0320047325489458,-0.20093041666236217,1.4412042282162116,1.0947835892839695
51,8,scatter,-0.032054228468028384,-0.20173317514011982,1.4405644098886685,0.1675424572139528
51,9,channel_exit,-0.03413632064462719,-0.20500000000000002,1.4421854329303425,0.1675424572139528
51,10,miss_extended,-0.7778467485131954,-1.3718896034574235,2.0212048219170407,0.1675424572139528
52,0,source,0.0,0.0,0.0,2.3752785618592696
52,1,scatter,0.1079845514833915,0.16146268269488648,1.1825355168089149,2.3752785618592696
52,2,shell_exit,0.11342289031020655,0.16959429748903018,1.242090598779495,2.3752785618592696
52,3,scatter,0.12327675780594327,0.18432818172455714,1.35,2.3752785618592696
52,4,scatter,0.12514081934001808,0.18711539870944555,1.370413280782111,1.980367097814751
52,5,scatter,0.13006645365520114,0.19419103028321819,1.3834933689864215,1.3825182863471714
52,6,scatter,0.13142811729932677,0.19434668125704294,1.3847722370418456,0.7374966604354878
52,7,scatter,0.14446009796827064,0.18706163786179447,1.3881770050967621,0.19630928965827601
52,8,scatter,0.14610035786181996,0.17839316790794477,1.3850617071508764,0.1421734554339768
52,9,scatter,0.14029083906194528,0.1621474043015289,1.3826989976293578,0.05762938725896136
52,10,channel_exit,0.14029083906194528,0.1621474043015289,1.3826989976293578,0.05762938725896136
53,0,source,0.0,0.0,0.0,2.453201329166007
53,1,scatter,0.12867534790295937,0.11310995243746565,1.1861959441083978,2.453201329166007
53,2,shell_exit,0.13518847983140098,0.11883521414960456,1.2462373646514127,2.453201329166007
53,3,scatter,0.14644437163336055,0.1287295210787069,1.35,2.453201329166007
53,4,scatter,0.1496923888085737,0.13158463726212294,1.3799419031105928,2.2777420424695425
53,5,scatter,0.15562591918475993,0.12345073321347204,1.3869525891969978,0.4591207936619931
53,6,scatter,0.14850075410938132,0.10886598881451605,1.3889068727622496,0.41834270587110317
53,7,scatter,0.15741281934956253,0.0940409764610057,1.4090750419956906,0.23382510653580452
53,8,scatter,0.17673033952776168,0.08825599317252451,1.4180099875866439,0.21386699174286794
53,9,scatter,0.1876855672293688,0.08148094652483726,1.421357615602974,0.03185491659538439
53,10,channel_exit,0.1876855672293688,0.08148094652483726,1.421357615602974,0.03185491659538439
54,0,source,0.0,0.0,0.0,2.527674821651552
54,1,scatter,0.07235025562485821,-0.19195046395724394,1.1818004330888103,2.527674821651552
54,2,shell_exit,0.07594434642324703,-0.20148584693961122,1.2405078699238647,2.527674821651552
54,3,channel_exit,0.07594434642324703,-0.20148584693961122,1.2405078699238647,2.527674821651552
54,4,miss_extended,0.16642201620291047,-0.4415296524795276,2.7184093425170675,2.527674821651552
55,0,source,0.0,0.0,0.0,2.525044318504356
55,1,shell_exit,0.028671472038243887,0.055132413913703215,1.1983899046751054,2.525044318504356
55,2,scatter,0.033494992486960064,0.06440756816965192,1.4000000000000001,2.525044318504356
55,3,scatter,0.03360396516223418,0.06461711188022534,1.4045547627885915,0.26531943097100597
55,4,scatter,0.055692274629069165,0.07814348163383128,1.4121666860230544,0.04354587898383099
55,5,channel_exit,0.055692274629069165,0.07814348163383128,1.4121666860230544,0.04354587898383099
56,0,source,0.0,0.0,0.0,2.6364035862233206
56,1,scatter,-0.06073071138851579,0.09461833599630948,1.2466589250985987,2.6364035862233206
56,2,shell_exit,-0.06576494879544699,0.10246166856336847,1.35,2.6364035862233206
56,3,scatter,-0.07063642648399861,0.11005142179028464,1.45,2.6364035862233206
56,4,scatter,-0.09557839224938297,0.14891095831209553,1.9620000000000002,2.6364035862233206
56,5,scatter,-0.09753492290620916,0.15195922945600424,2.002162980966211,1.886110585015551
56,6,scatter,-0.11980132202573986,0.14735322144735918,2.036167571224253,1.4295701863989119
56,7,scatter,-0.13438650096823349,0.16297392136876077,2.077,1.4295701863989119
56,8,channel_exit,-0.13438650096823349,0.16297392136876077,2.077,0.1
57,0,source,0.0,0.0,0.0,2.408299336659441
57,1,scatter,-0.16112136073130154,-0.016933241949447637,1.1881710849328262,2.408299336659441
57,2,shell_exit,-0.16915572885358365,-0.0177776234684966,1.2474196156383335,2.408299336659441
57,3,scatter,-0.18306609186635303,-0.01923954969249795,1.35,2.408299336659441
57,4,scatter,-0.1840559295075555,-0.01934357786227678,1.3572994447087388,1.6644148104909557
57,5,scatter,-0.1974178716633971,-0.025034877565988177,1.3739347384982927,0.9857374023936094
57,6,channel_exit,-0.20500001525878905,-0.021006600421138517,1.3799076543559001,0.9857374023936094
57,7,miss_extended,-1.2924046840872843,0.5567149000403949,2.2365224768487546,0.9857374023936094
58,0,source,0.0,0.0,0.0,2.429303751632738
58,1,scatter,0.13470796633860638,0.09677720289291225,1.187525556119875,2.429303751632738
58,2,shell_exit,0.14153200436769703,0.10167974378073341,1.2476832422296131,2.429303751632738
58,3,scatter,0.15313839236547863,0.11001803138646991,1.35,2.429303751632738
58,4,scatter,0.16173119990929513,0.11619129568323296,1.425750371967254,2.156125178555362
58,5,scatter,0.1566153417303059,0.11684080407191605,1.4480494471159406,1.818909007385303
58,6,scatter,0.15220823673471215,0.1249582982090179,1.465,1.818909007385303
58,7,channel_exit,0.15220823673471215,0.1249582982090179,1.465,0.1
59,0,source,0.0,0.0,0.0,2.4324083176834597
59,1,scatter,0.08275040362422119,0.09687568052170034,1.2371447775413882,2.4324083176834597
59,2,shell_exit,0.08315037464688538,0.09734392554906612,1.2431244711765266,2.4324083176834597
59,3,scatter,0.09029908780337659,0.1057129052948859,1.35,2.4324083176834597
59,4,scatter,0.09491335437300207,0.11111481506768801,1.4189847485786171,0.5934820858721235
59,5,scatter,0.08623626249652672,0.10851621090194988,1.4252326859774624,0.5508840307562707
59,6,scatter,0.061835209203161656,0.09089981948693608,1.4149943776660996,0.17227189810183563
59,7,scatter,0.05277517174456089,0.09446402992328044,1.4132938635783547,0.12399014126547926
59,8,scatter,0.040585138845581264,0.09612955835723414,1.4031700682903447,0.11760517065990807
59,9,scatter,0.04001600010011289,0.09816842177439683,1.4006727933305414,0.06579095330380541
59,10,channel_exit,0.04001600010011289,0.09816842177439683,1.4006727933305414,0.06579095330380541
60,0,source,0.0,0.0,0.0,2.4330266636816167
60,1,shell_exit,0.030876233671616585,-0.0037199019509654816,1.1995969408612757,2.4330266636816167
60,2,channel_exit,0.030876233671616585,-0.0037199019509654816,1.1995969408612757,2.4330266636816167
60,3,detector_hit,0.07464263587017836,-0.008992783567832901,2.9,2.4330266636816167
61,0,source,0.0,0.0,0.0,2.5472455084307852
61,1,scatter,-0.09427431593937556,0.18345992204881484,1.1814764481147662,2.5472455084307852
61,2,scatter,-0.09474633471532917,0.18437848111741328,1.1873919412297285,2.495592198660055
61,3,shell_exit,-0.09644857317720218,0.14327493919815956,1.246608549841904,2.495592198660055
61,4,scatter,-0.09942066001588937,0.0715086745426058,1.35,2.495592198660055
61,5,scatter,-0.09993506681707835,0.05908741748032832,1.3678949230062232,1.1521545124546846
61,6,scatter,-0.0978423022515044,0.049756226949623804,1.369500732771988,1.1521545124546846
61,7,scatter,-0.09729285246674205,0.04730634763065413,1.3699223338659106,0.14743712415343385
61,8,scatter,-0.08314597941489381,0.04566366597858226,1.381251443246757,0.10417069536197865
61,9,scatter,-0.08090923762907604,0.043066713418459156,1.3861097220143128,0.0048640699715476726
61,10,channel_exit,-0.08090923762907604,0.043066713418459156,1.3861097220143128,0.0048640699715476726
62,0,source,0.0,0.0,0.0,2.531933234887778
62,1,shell_exit,0.03506243068538223,-0.0448236495105672,1.1986498514574582,2.531933234887778
62,2,scatter,0.04095224547840134,-0.05235316154963148,1.4000000000000001,2.531933234887778
62,3,scatter,0.041192861062898496,-0.05266076340196905,1.4082257227744372,1.1047892649500057
62,4,scatter,0.07471613277611194,-0.061766716537750135,1.4365422981937799,0.06106603129766685
62,5,channel_exit,0.07471613277611194,-0.061766716537750135,1.4365422981937799,0.06106603129766685
63,0,source,0.0,0.0,0.0,2.4610579842457874
63,1,scatter,-0.13843903948873032,0.08477802269047192,1.1880419391473216,2.4610579842457874
63,2,shell_exit,-0.14544501922404093,0.08906838118445368,1.2481651369180113,2.4610579842457874
63,3,scatter,-0.15731153686705884,0.0963352612907589,1.35,2.4610579842457874
63,4,scatter,-0.16304016329848287,0.09984338749115801,1.399161338300051,2.093372258677422
63,5,scatter,-0.13316172160617049,0.053014242400797176,1.4077110654785048,2.093372258677422
63,6,scatter,-0.10828206167131016,0.014019798952691079,1.414830389401964,1.1259041524062705
63,7,scatter,-0.1090298917488778,0.007157584009891972,1.4191725208783523,0.6613684761177892
63,8,scatter,-0.11066100280288146,0.004977689368028566,1.4259203270783587,0.60532259369246
63,9,scatter,-0.10973071012990077,0.0012678927920712246,1.439642389233291,0.28369891977162737
63,10,scatter,-0.10801647037359365,0.0035496639862555913,1.4436254219100386,0.2546344312382249
63,11,scatter,-0.10540269710038695,0.0031459354180177965,1.4438825915208662,0.20418802787307896
63,12,scatter,-0.10570342819985434,0.004397129782481603,1.4443456252962896,0.15482071304758574
63,13,scatter,-0.10985916748261289,0.01799933058087109,1.4419748908665226,0.054863933617615365
63,14,channel_exit,-0.10985916748261289,0.01799933058087109,1.4419748908665226,0.054863933617615365
64,0,source,0.0,0.0,0.0,2.631036457201972
64,1,shell_exit,0.08905414008259789,0.023468405614922458,1.1964608619056631,2.631036457201972
64,2,scatter,0.104203823196573,0.027460796175614484,1.4000000000000001,2.631036457201972
64,3,scatter,0.10904185784498531,0.028735761712339443,1.465,2.631036457201972
64,4,scatter,0.11676069240717103,0.030769903417731705,1.5687041449686026,2.449280288407039
64,5,channel_exit,0.11676069240717103,0.030769903417731705,1.5687041449686026,0.1
65,0,source,0.0,0.0,0.0,2.397476349749514
65,1,scatter,-0.10027191520475902,0.08577906829276835,1.1926948861759588,2.397476349749514
65,2,shell_exit,-0.10526120496580302,0.0900472287868714,1.2520405202101317,2.397476349749514
65,3,scatter,-0.11995180621908016,0.10261451730024448,1.4267794284463453,2.397476349749514
65,4,scatter,-0.12180273081601431,0.10419791766794428,1.4487954465602175,1.3051238822778517
65,5,scatter,-0.12285425727317605,0.12133551903474261,1.465,1.3051238822778517
65,6,channel_exit,-0.12285425727317605,0.12133551903474261,1.465,0.1
66,0,source,0.0,0.0,0.0,2.360812347730762
66,1,scatter,-0.06813678411455301,-0.0893467297293586,1.264098929782504,2.360812347730762
66,2,scatter,-0.06879439162142557,-0.09020904046133797,1.2762991085326045,2.2870626035017576
66,3,shell_exit,-0.12641066205657875,-0.05390539250356461,1.323260584955036,2.2870626035017576
66,4,scatter,-0.1592168147986709,-0.03323444294360827,1.35,2.2870626035017576
66,5,scatter,-0.16091131746256948,-0.032166747521654146,1.3513811436647567,0.7279609644631178
66,6,channel_exit,-0.16400713097072614,-0.030347735782325327,1.35,0.7279609644631178
66,7,miss_extended,-1.3710674936981762,0.6788865136628524,0.8114908913061801,0.7279609644631178
67,0,source,0.0,0.0,0.0,2.5023415762022134
67,1,scatter,0.0891764747385932,-0.1860485457289743,1.1818249665676308,2.5023415762022134
67,2,shell_exit,0.09357821300882867,-0.19523187581975737,1.2401596809562583,2.5023415762022134
67,3,channel_exit,0.09357821300882867,-0.19523187581975737,1.2401596809562583,2.5023415762022134
67,4,miss_extended,0.2050768101649202,-0.4278509820640869,2.717812012948569,2.5023415762022134
68,0,source,0.0,0.0,0.0,2.3661135817689147
68,1,scatter,-0.11639835105237929,-0.16992541369555897,1.1812647743250784,2.3661135817689147
68,2,shell_exit,-0.12217833635725668,-0.17836338884903485,1.2399227619601076,2.3661135817689147
68,3,scatter,-0.13302502312446718,-0.19419804388907902,1.35,2.3661135817689147
68,4,scatter,-0.1350173265046647,-0.19710652990306715,1.3702188242489541,2.0537625261080628
68,5,channel_exit,-0.13617011500515944,-0.20500000000000002,1.3701970715171168,2.0537625261080628
68,6,miss_extended,-0.35293481293041495,-1.6892494181797872,1.3661067944682554,2.0537625261080628
69,0,source,0.0,0.0,0.0,2.381682202280489
69,1,shell_exit,0.08016554278629875,-0.021617710837959478,1.1971241206858645,2.381682202280489
69,2,scatter,0.0937511474052646,-0.02528125083287417,1.4000000000000001,2.381682202280489
69,3,scatter,0.0947804083238576,-0.0255588048060852,1.4153701082697288,1.6619862828715666
69,4,scatter,0.10395247920777934,-0.02602656700823059,1.4274623967911495,1.4498205795148997
69,5,scatter,0.10902698124996052,-0.0234516881493976,1.4331437183677962,1.1871504999976978
69,6,scatter,0.1071201838688634,-0.026018276298330083,1.4349799158229068,0.974924518510085
69,7,channel_exit,0.09672789826668256,-0.0330148901466585,1.45,0.974924518510085
69,8,miss_extended,-0.7002665849696653,-0.569592006280052,2.6019048537673575,0.974924518510085
70,0,source,0.0,0.0,0.0,2.3035131202133203
70,1,shell_exit,0.05080205327665958,0.01587683898028272,1.1988190344530194,2.3035131202133203
70,2,scatter,0.05932744855004273,0.018541225934519383,1.4000000000000001,2.3035131202133203
70,3,scatter,0.059925174410830645,0.01872802935355443,1.4141050428689383,0.43593452205292343
70,4,channel_exit,0.04722905604648196,0.022469843926526487,1.4211157848275366,0.43593452205292343
70,5,miss_extended,-1.2242401978680535,0.39719872143470236,2.1232156386314505,0.43593452205292343
71,0,source,0.0,0.0,0.0,2.5739825730445167
71,1,shell_exit,-0.01092431682723851,-0.039163350011106095,1.1993110069192918,2.5739825730445167
71,2,channel_exit,-0.01092431682723851,-0.039163350011106095,1.1993110069192918,2.5739825730445167
71,3,detector_hit,-0.02641559913668301,-0.0946991350675152,2.9,2.5739825730445167
72,0,source,0.0,0.0,0.0,2.301386259816229
72,1,scatter,-0.00741147220089476,0.19462555025335923,1.1839118292839548,2.301386259816229
72,2,scatter,-0.007735863156713856,0.20314406945739574,1.2357301832488516,2.1618628069794616
72,3,shell_exit,-0.04956004835510626,0.20174789288683362,1.2424266941457622,2.1618628069794616
72,4,channel_exit,-0.04956004835510626,0.20174789288683362,1.2424266941457622,2.1618628069794616
72,5,miss_extended,-1.5298913688416858,0.1523314153982989,1.4794439790409475,2.1618628069794616
73,0,source,0.0,0.0,0.0,2.543507785479985
73,1,shell_exit,-0.06173095206940361,0.07820746516625836,1.1958565473955785,2.543507785479985
73,2,scatter,-0.0680014931370661,0.08615166666782356,1.3173299305218642,2.543507785479985
73,3,scatter,-0.0687301119081188,0.0870747599499832,1.3314447869870465,2.4540639215607762
73,4,scatter,-0.15331569306589105,0.15775675377683923,1.45,2.4540639215607762
73,5,scatter,-0.16502245897452292,0.16753924323143035,1.4664082117423993,2.4540639215607762
73,6,scatter,-0.16747801317777186,0.1695911705772012,1.4698499183269769,1.0242358308096307
73,7,channel_exit,-0.186742780059933,0.1707175095659327,1.4726328907166082,1.0242358308096307
73,8,miss_extended,-1.6688529245709094,0.2573709558063344,1.6867373040114173,1.0242358308096307
74,0,source,0.0,0.0,0.0,2.4465226246259357
74,1,scatter,0.06190045552981952,-0.18898074618944882,1.1827086905505393,2.4465226246259357
74,2,shell_exit,0.06499703727521118,-0.1984345429971126,1.2418739117097048,2.4465226246259357
74,3,channel_exit,0.06499703727521118,-0.1984345429971126,1.2418739117097048,2.4465226246259357
74,4,miss_extended,0.14241710279847625,-0.43479632139427576,2.7211099453322314,2.4465226246259357
75,0,source,0.0,0.0,0.0,2.615758448599146
75,1,scatter,0.09318727115758615,0.07696274510240211,1.2438190745408468,2.615758448599146
75,2,shell_exit,0.10086891787912625,0.08330696584470534,1.3463500167762759,2.615758448599146
75,3,scatter,0.10114237563785645,0.08353281278195321,1.35,2.615758448599146
75,4,scatter,0.10431244334465357,0.08615095053665794,1.3923125458264827,1.7742736642595838
75,5,scatter,0.10779989003229476,0.08810819603297249,1.397077911977897,1.1269192311941052
75,6,scatter,0.11155470111390436,0.10364851989898499,1.4082245735330279,1.1269192311941052
75,7,scatter,0.11246115253354766,0.1074001197328773,1.4109154964506732,0.4458181021303255
75,8,scatter,0.11366126907895398,0.10924517165787995,1.4104200508018256,0.383944578144168
75,9,scatter,0.09884098758976034,0.1180803067611867,1.397008256018417,0.07293424777597401
75,10,channel_exit,0.09884098758976034,0.1180803067611867,1.397008256018417,0.07293424777597401
76,0,source,0.0,0.0,0.0,2.35982505588551
76,1,scatter,-0.14802075658959854,0.0587166309914045,1.1884047922537047,2.35982505588551
76,2,shell_exit,-0.1554405436506621,0.061659899955413294,1.247975562624227,2.35982505588551
76,3,scatter,-0.16814811139982183,0.0667007170915832,1.35,2.35982505588551
76,4,scatter,-0.17532607801064515,0.06954806111594114,1.4076292819701675,1.3510588474114018
76,5,scatter,-0.17773846652439082,0.07465682322706683,1.413057789183577,0.5944797082731922
76,6,scatter,-0.1833957816051888,0.08277428382744376,1.4123982368858996,0.5780281895142306
76,7,scatter,-0.18553302254501455,0.08624120938273351,1.4127692747483844,0.43285438080735456
76,8,scatter,-0.1869545167644103,0.06702675401872431,1.4194570171294025,0.08104943212877264
76,9,channel_exit,-0.1869545167644103,0.06702675401872431,1.4194570171294025,0.08104943212877264
77,0,source,0.0,0.0,0.0,2.48090828590388
77,1,scatter,0.0007731845887017927,0.11950172834337419,1.2440317668159362,2.48090828590388
77,2,shell_exit,0.0008367769054534941,0.12933041850641444,1.3463499755859376,2.48090828590388
77,3,scatter,0.0008390454509204331,0.12968103995966912,1.35,2.48090828590388
77,4,scatter,0.0008402231733613351,0.12986306617857354,1.3518949215366982,0.2718145558383103
77,5,scatter,0.009521410750387599,0.12195841131615205,1.3568918580109781,0.15782362739611153
77,6,scatter,0.03427093645875236,0.12158025059405012,1.362821996421603,0.014234512178609505
77,7,channel_exit,0.03427093645875236,0.12158025059405012,1.362821996421603,0.014234512178609505
78,0,source,0.0,0.0,0.0,2.478364522819096
78,1,scatter,-0.06027499832366845,-0.11456507174276932,1.1928743304593992,2.478364522819096
78,2,shell_exit,-0.06277590270504915,-0.11931855656803857,1.2423685606120534,2.478364522819096
78,3,scatter,-0.07230610828398042,-0.13743267877855495,1.4309764065726895,2.478364522819096
78,4,scatter,-0.07402529360336484,-0.1407003452228865,1.465,2.478364522819096
78,5,scatter,-0.07458467722768528,-0.14176356922677397,1.4760704999566823,0.9890100675914769
78,6,channel_exit,-0.07458467722768528,-0.14176356922677397,1.4760704999566823,0.1
79,0,source,0.0,0.0,0.0,2.421083877689787
79,1,scatter,-0.0008229030602136327,-0.1185135511839558,1.244124870132138,2.421083877689787
79,2,scatter,-0.0008280411788002078,-0.11925353710640603,1.2518930525928844,2.1759898490128378
79,3,shell_exit,-0.010999318529272006,-0.12660739683905067,1.244834662683657,2.1759898490128378
79,4,channel_exit,-0.010999318529272006,-0.12660739683905067,1.244834662683657,2.1759898490128378
79,5,miss_extended,-1.0705201396106816,-0.892643680540208,0.509576856367875,2.1759898490128378
80,0,source,0.0,0.0,0.0,2.4356726104381194
80,1,shell_exit,0.0807729499465095,-0.0038111108123085975,1.1972724025848567,2.4356726104381194
80,2,scatter,0.09444979244570754,-0.004456425393012331,1.4000000000000001,2.4356726104381194
80,3,scatter,0.09551003636313886,-0.004506450891153513,1.4157156669799682,2.0536881633574793
80,4,scatter,0.10596672906140517,-0.012921026559749485,1.442816934937559,0.15247665850945968
80,5,channel_exit,0.09727592269134447,-0.011693242601127913,1.45,0.15247665850945968
80,6,miss_extended,-1.0521300734329961,0.1506878051284003,2.3999990796899087,0.15247665850945968
81,0,source,0.0,0.0,0.0,2.375352472677626
81,1,scatter,-0.16625267957858048,0.12292333925953773,1.1803455473815305,2.375352472677626
81,2,shell_exit,-0.17460865841306286,0.12910155439399582,1.2396705605861076,2.375352472677626
81,3,scatter,-0.19014865428940034,0.14059146354939062,1.35,2.375352472677626
81,4,scatter,-0.19095614264030145,0.14118850153252296,1.355732931835833,1.8682361097087774
81,5,channel_exit,-0.18805439170478958,0.150787448183137,1.35,1.8682361097087774
81,6,miss_extended,0.18876256560327745,1.3972920416619028,0.6055302026801713,1.8682361097087774
82,0,source,0.0,0.0,0.0,2.595793921957341
82,1,scatter,0.1578501228801058,-0.06835260016103088,1.1868338348947165,2.595793921957341
82,2,shell_exit,0.16565115553717824,-0.07173062012277029,1.245487761389056,2.595793921957341
82,3,scatter,0.17955139095528622,-0.07774972999954746,1.35,2.595793921957341
82,4,scatter,0.18216714907233816,-0.0788824112127805,1.3696672019037688,1.934774967202063
82,5,channel_exit,0.19282490228210988,-0.08528319102532736,1.35,1.934774967202063
82,6,miss_extended,0.8799174436810578,-0.4979337733549689,0.08207912847175569,1.934774967202063
83,0,source,0.0,0.0,0.0,2.3920507792533403
83,1,scatter,0.18115790069674867,0.0013937910563634511,1.1861644607208408,2.3920507792533403
83,2,shell_exit,0.19007041063890817,0.001462362046639644,1.2445207482940082,2.3920507792533403
83,3,channel_exit,0.19007041063890817,0.001462362046639644,1.2445207482940082,2.3920507792533403
83,4,miss_extended,0.41653302170350737,0.0032047180834924053,2.7273260794097434,2.3920507792533403
84,0,source,0.0,0.0,0.0,2.3826879557911265
84,1,scatter,0.17765185576394296,0.043304552516183176,1.1849695875820185,2.3826879557911265
84,2,shell_exit,0.18640720590563614,0.04543876337695977,1.243369335796999,2.3826879557911265
84,3,scatter,0.20239338443335622,0.049335566506934395,1.35,2.3826879557911265
84,4,scatter,0.2024525748483395,0.04934999480785519,1.3503948106330212,0.9322690964471539
84,5,scatter,0.20156730761197908,0.051906170587817824,1.3526721935477308,0.6437845514755667
84,6,scatter,0.1903968542303602,0.056990201439133456,1.3660221131433532,0.5182235549548816
84,7,scatter,0.1804204647092938,0.06756347313942235,1.3736621686229407,0.1809957571506721
84,8,scatter,0.1819705920954231,0.07135927759831977,1.3796065906954493,0.14252276146497536
84,9,scatter,0.18635677850750257,0.07748186471315915,1.383897234394311,0.10294052526976895
84,10,scatter,0.1874453650062621,0.07825683294233568,1.386095753171227,0.06340437620406682
84,11,channel_exit,0.1874453650062621,0.07825683294233568,1.386095753171227,0.06340437620406682
85,0,source,0.0,0.0,0.0,2.4185778607188695
85,1,scatter,-0.074441090155391,0.1659964100649787,1.1849364908693825,2.4185778607188695
85,2,shell_exit,-0.07816925086767272,0.1743098468119719,1.2442805125996754,2.4185778607188695
85,3,scatter,-0.08481085061026754,0.18911996998531427,1.35,2.4185778607188695
85,4,scatter,-0.0908436601996144,0.20257255017115985,1.4460289029884141,1.6190324727653564
85,5,scatter,-0.09021413296321822,0.20164238948855107,1.4482846161125331,0.6390395827514754
85,6,scatter,-0.09007177258232012,0.20132860252455723,1.4483635934225214,0.18810580624182147
85,7,scatter,-0.09230179719908391,0.19307007932749476,1.465,0.18810580624182147
85,8,scatter,-0.09642206352339404,0.1778113621090405,1.4957379682104994,0.02551334644323671
85,9,channel_exit,-0.09642206352339404,0.1778113621090405,1.4957379682104994,0.02551334644323671
86,0,source,0.0,0.0,0.0,2.5868453800630045
86,1,scatter,-0.09551643705234582,0.08410964171683197,1.2422092397138416,2.5868453800630045
86,2,shell_exit,-0.0955896530962364,0.08417411413026785,1.2431614281436334,2.5868453800630045
86,3,scatter,-0.10380472620729456,0.09140812408051349,1.35,2.5868453800630045
86,4,scatter,-0.10416109739189515,0.0917219365883914,1.3546346743234992,2.500091206005763
86,5,scatter,-0.10745332236559477,0.09194425526893223,1.3673138100215507,0.06441059651568487
86,6,channel_exit,-0.10745332236559477,0.09194425526893223,1.3673138100215507,0.06441059651568487
87,0,source,0.0,0.0,0.0,2.4681015143531178
87,1,scatter,-0.1124809030122171,-0.11461240237469991,1.1884003115356347,2.4681015143531178
87,2,shell_exit,-0.11806814458270425,-0.1203055214899667,1.2474314843407694,2.4681015143531178
87,3,scatter,-0.12777615218753652,-0.13019749465220948,1.35,2.4681015143531178
87,4,scatter,-0.13684561730809836,-0.13943882502815996,1.4458220896712273,1.0349362354971565
87,5,scatter,-0.1400551749429848,-0.1404841489112191,1.4480661003055528,0.3424937145822059
87,6,scatter,-0.14198520280027355,-0.13700718205957912,1.465,0.3424937145822059
87,7,scatter,-0.14276383602527104,-0.13560446556371206,1.4718316614607803,0.2711529421928238
87,8,scatter,-0.14828558527396893,-0.13961465572154366,1.4689964252853724,0.19363877858695555
87,9,scatter,-0.1493577793403163,-0.14276104178675034,1.4675513991302112,0.0018155419861940884
87,10,channel_exit,-0.1493577793403163,-0.14276104178675034,1.4675513991302112,0.0018155419861940884
88,0,source,0.0,0.0,0.0,2.3938460656428164
88,1,shell_exit,-0.0729985900278498,0.0637764168712363,1.1960784984711548,2.3938460656428164
88,2,scatter,-0.08281470419169697,0.07235242619868117,1.3569150719643757,2.3938460656428164
88,3,scatter,-0.08849582671679043,0.07731583218116249,1.45,2.3938460656428164
88,4,scatter,-0.08941110594129144,0.07811548090524179,1.4649968074740258,2.3761189127313487
88,5,scatter,-0.13806600945244377,-0.04648105430769603,1.962,2.3761189127313487
88,6,scatter,-0.13859249284136227,-0.047829284421673626,1.9673779558938886,2.0417819324726625
88,7,scatter,-0.1378628404764826,-0.0466389749977494,1.9678883330339845,1.5181096762377597
88,8,channel_exit,-0.13706518853695054,-0.05310768220642936,1.962,1.5181096762377597
88,9,miss_extended,-0.0008490413181612977,-1.1577779397246593,0.9564410592155836,1.5181096762377597
89,0,source,0.0,0.0,0.0,2.3221189442282375
89,1,scatter,0.15898994749309134,0.06834058611272298,1.1865802257799865,2.3221189442282375
89,2,shell_exit,0.16686798504114597,0.07172689897049335,1.2453759151922372,2.3221189442282375
89,3,scatter,0.18088657172302383,0.07775267887304459,1.35,2.3221189442282375
89,4,scatter,0.1845234615871684,0.07931596755174461,1.3771429839696068,2.0373612411218622
89,5,scatter,0.17944681801413984,0.07813063706350483,1.3791070200465665,1.7204427628488768
89,6,scatter,0.1803246163763217,0.0665863561787624,1.3739410420287599,1.5895342019805248
89,7,scatter,0.1799135760383162,0.06151209555492115,1.3729968961886,1.386668065577443
89,8,channel_exit,0.20261693392430136,-0.01669965524300461,1.35,1.386668065577443
89,9,miss_extended,0.6050401854934566,-1.4030244105976697,0.9423737014282121,1.386668065577443
90,0,source,0.0,0.0,0.0,2.3482413515606377
90,1,shell_exit,0.005699406223372864,0.025747862835493285,1.1997102001433952,2.3482413515606377
90,2,channel_exit,0.005699406223372864,0.025747862835493285,1.1997102001433952,2.3482413515606377
90,3,detector_hit,0.013776892157627538,0.06223903257137077,2.9,2.3482413515606377
91,0,source,0.0,0.0,0.0,2.582330424038223
91,1,shell_exit,-0.06185994965653073,0.03886052034737807,1.1977742719673112,2.582330424038223
91,2,scatter,-0.07230404888969477,0.045421520364576744,1.4000000000000001,2.582330424038223
91,3,scatter,-0.10132895994398652,0.06365501639664255,1.962,2.582330424038223
91,4,scatter,-0.10163851225564535,0.06384947765910053,1.9679937616631056,2.1745685744285406
91,5,scatter,-0.09686992662725641,0.07024827208643958,1.9868940661438335,0.3336955365123196
91,6,scatter,-0.10170872199147879,0.062264685034325765,1.996519545811622,0.0038999433776831186
91,7,channel_exit,-0.10170872199147879,0.062264685034325765,1.996519545811622,0.0038999433776831186
92,0,source,0.0,0.0,0.0,2.55619845080525
92,1,scatter,-0.042443031084992325,0.10394836053891536,1.2930450204733674,2.55619845080525
92,2,shell_exit,-0.04398428225608917,0.10772307992908751,1.3399998938916846,2.55619845080525
92,3,scatter,-0.04431252667734921,0.10852699210439139,1.35,2.55619845080525
92,4,scatter,-0.04481696287541121,0.10976242026408212,1.3653678636368933,1.0680380395563136
92,5,scatter,-0.04617516749953259,0.09979768940302676,1.375291266968295,1.0680380395563136
92,6,scatter,-0.04740896662899671,0.09074568350982964,1.3843057307494981,1.0373298843400698
92,7,scatter,-0.0633980787120085,0.05387328880492088,1.393516226870239,0.8894590425805843
92,8,scatter,-0.06621221474105114,0.05537193668911744,1.3960637713855892,0.8718609306312887
92,9,scatter,-0.09472628939783335,0.056371807237503166,1.45,0.8718609306312887
92,10,channel_exit,-0.10265623056797776,0.056649877443950246,1.465,0.8718609306312887
92,11,miss_extended,-0.8036177371471295,0.08122969546073008,2.7909143256034863,0.8718609306312887
93,0,source,0.0,0.0,0.0,2.626118291827166
93,1,scatter,0.12070025171964742,0.06973320450411499,1.1915313374128227,2.626118291827166
93,2,shell_exit,0.12674289230417404,0.07322427171915602,1.2511832065233326,2.626118291827166
93,3,scatter,0.13675287817047932,0.0790074277735418,1.35,2.626118291827166
93,4,scatter,0.13911561046620438,0.08037246961909623,1.373324471425402,2.337983761747997
93,5,scatter,0.17144458898215012,0.06245700538864149,1.465,2.337983761747997
93,6,channel_exit,0.17144458898215012,0.06245700538864149,1.465,0.1
94,0,source,0.0,0.0,0.0,2.3658547678296613
94,1,scatter,-0.0672867494607865,0.14823912597938016,1.1879250946127222,2.3658547678296613
94,2,shell_exit,-0.0706470124427949,0.15564210578603715,1.2472494155646843,2.3658547678296613
94,3,scatter,-0.0764670366709239,0.16846417419728443,1.35,2.3658547678296613
94,4,scatter,-0.08014982586337492,0.17657771000381653,1.4150184135054806,2.1911964065342158
94,5,scatter,-0.0914804110424911,0.19197258585255883,1.459355982586541,2.1911964065342158
94,6,scatter,-0.09268908720069707,0.19361481519047616,1.464085637923307,1.8437895521453818
94,7,scatter,-0.11044393363388125,0.19738297168798016,1.4575198991114542,1.3927244848794351
94,8,channel_exit,-0.11841222205429533,0.20500000000000002,1.4529831607849404,1.3927244848794351
94,9,miss_extended,-1.1211036700122754,1.1634905495826955,0.8821016261802623,1.3927244848794351
95,0,source,0.0,0.0,0.0,2.4176877150937988
95,1,scatter,-0.14133047982958624,-0.15158993252247707,1.1801767581069906,2.4176877150937988
95,2,shell_exit,-0.1484815886500849,-0.15926015415384345,1.2398919195839961,2.4176877150937988
95,3,scatter,-0.16255609645500654,-0.17435635768338464,1.3574207570519825,2.4176877150937988
95,4,scatter,-0.1727836081815288,-0.18532630425376198,1.4428253466880072,1.7850338714060572
95,5,scatter,-0.17393955016902907,-0.18527515491096128,1.4406451228786545,0.44774066001537827
95,6,scatter,-0.19147796711184414,-0.17525184605630706,1.438670947599157,0.44774066001537827
95,7,scatter,-0.1977876180834714,-0.17164584326484086,1.4379607149133302,0.09169586556943336
95,8,channel_exit,-0.1977876180834714,-0.17164584326484086,1.4379607149133302,0.09169586556943336
96,0,source,0.0,0.0,0.0,2.646107559826505
96,1,shell_exit,0.052522378913380414,-0.07349386502300893,1.1965951911641877,2.646107559826505
96,2,scatter,0.061450464636409505,-0.08598681642043683,1.4000000000000001,2.646107559826505
96,3,scatter,0.0635870031376538,-0.08897644627870868,1.448675854925428,2.2476986122618783
96,4,scatter,0.0581863082691364,-0.08835081784811656,1.4638454692971454,2.2476986122618783
96,5,scatter,0.0436976959651912,-0.08667242497500406,1.504541466161065,0.6337939292341166
96,6,channel_exit,0.0436976959651912,-0.08667242497500406,1.504541466161065,0.1
97,0,source,0.0,0.0,0.0,2.5107535526239104
97,1,scatter,-0.10395683573124558,-0.06780257689921192,1.2434796211094996,2.5107535526239104
97,2,shell_exit,-0.11255695780834099,-0.07341173606968109,1.3463499755859376,2.5107535526239104
97,3,scatter,-0.11286210554215682,-0.07361075908285894,1.35,2.5107535526239104
97,4,scatter,-0.1208113693349574,-0.07879541640541232,1.4450851135439104,2.285320557752837
97,5,scatter,-0.12006269816928647,-0.07828610184686607,1.4494433428331512,1.5322535959929988
97,6,scatter,-0.11640583089889744,-0.08689117609519788,1.465,1.5322535959929988
97,7,channel_exit,-0.11640583089889744,-0.08689117609519788,1.465,0.1
98,0,source,0.0,0.0,0.0,2.458337554667057
98,1,scatter,-0.1110708649361609,0.04797067501353243,1.2438196650591544,2.458337554667057
98,2,shell_exit,-0.12022663909157405,0.05192498532487342,1.3463499906300294,2.458337554667057
98,3,scatter,-0.12055257838095525,0.05206575606375291,1.35,2.458337554667057
98,4,scatter,-0.12439539427085969,0.05372543947665689,1.3930335171677304,0.06266408343597649
98,5,channel_exit,-0.12439539427085969,0.05372543947665689,1.3930335171677304,0.06266408343597649
99,0,source,0.0,0.0,0.0,2.4081538060357506
99,1,scatter,-0.05566697896695987,-0.14347032273786534,1.1892384851239315,2.4081538060357506
99,2,shell_exit,-0.058455415311936765,-0.15065695060544326,1.2488090937020089,2.4081538060357506
99,3,scatter,-0.06319205318819156,-0.16286467190467196,1.35,2.4081538060357506
99,4,scatter,-0.06405673398636287,-0.1650932108963874,1.368472561321198,1.8881259815468148
99,5,scatter,-0.07035947818813697,-0.16521430461855596,1.3795179480583362,1.3940767740822746
99,6,channel_exit,-0.07231451117367231,-0.17086660049357738,1.35,1.3940767740822746
99,7,miss_extended,-0.1696839318532301,-0.4523763135941903,-0.12012634740913941,1.3940767740822746
100,0,source,0.0,0.0,0.0,2.5312241708512406
100,1,scatter,-0.07426640573565724,-0.15333841430634335,1.1868994050655075,2.5312241708512406
100,2,scatter,-0.07471391533762597,-0.15426239079440707,1.1940513450991797,2.4960589707695053
100,3,shell_exit,-0.08180772336563097,-0.1981401144706453,1.240821628890642,2.4960589707695053
100,4,channel_exit,-0.08180772336563097,-0.1981401144706453,1.240821628890642,2.4960589707695053
100,5,miss_extended,-0.24672478838661718,-1.2182107704455427,2.3281386104943538,2.4960589707695053
